{
    "num_users": 1326101,
    "num_items": 174567,
    "num_interactions": 5261667,
    "density": 0.0022729223963611697,
    "feedback_type": "explicit",
    "user_item_ratio": 7.596515950895645,
    "item_user_ratio": 0.1316392944428818,
    "highest_num_rating_by_single_user": 3569,
    "lowest_num_rating_by_single_user": 1,
    "highest_num_rating_on_single_item": 7362,
    "lowest_num_rating_on_single_item": 1,
    "mean_num_ratings_by_user": 3.967772439655803,
    "mean_num_ratings_on_item": 30.141246627369433
}