{
    "num_users": 434060,
    "num_items": 1944316,
    "num_interactions": 4458901,
    "density": 0.0005283372286315156,
    "feedback_type": "explicit",
    "user_item_ratio": 0.22324560410962005,
    "item_user_ratio": 4.479371515458692,
    "highest_num_rating_by_single_user": 7208,
    "lowest_num_rating_by_single_user": 1,
    "highest_num_rating_on_single_item": 4103,
    "lowest_num_rating_on_single_item": 1,
    "mean_num_ratings_by_user": 10.272545270239137,
    "mean_num_ratings_on_item": 2.293300574597956
}