{
    "num_users": 1404179,
    "num_items": 234838,
    "num_interactions": 2132127,
    "density": 0.0006465799347686614,
    "feedback_type": "implicit",
    "user_item_ratio": 5.979351723315648,
    "item_user_ratio": 0.16724221057286856,
    "highest_num_rating_by_single_user": 3809,
    "lowest_num_rating_by_single_user": 1,
    "highest_num_rating_on_single_item": 2911,
    "lowest_num_rating_on_single_item": 1,
    "mean_num_ratings_by_user": 1.5184153872120292,
    "mean_num_ratings_on_item": 9.079139662235242
}