{
    "num_users": 2930451,
    "num_items": 15362619,
    "num_interactions": 51062224,
    "density": 0.00011342270552702234,
    "feedback_type": "explicit",
    "user_item_ratio": 0.1907520455984751,
    "item_user_ratio": 5.242407738604058,
    "highest_num_rating_by_single_user": 58147,
    "lowest_num_rating_by_single_user": 1,
    "highest_num_rating_on_single_item": 9024,
    "lowest_num_rating_on_single_item": 1,
    "mean_num_ratings_by_user": 17.424698109608386,
    "mean_num_ratings_on_item": 3.3237968083436815
}