{
    "num_users": 957764,
    "num_items": 6703391,
    "num_interactions": 12601954,
    "density": 0.00019628396807889906,
    "feedback_type": "explicit",
    "user_item_ratio": 0.14287753765221214,
    "item_user_ratio": 6.99900079769129,
    "highest_num_rating_by_single_user": 9990,
    "lowest_num_rating_by_single_user": 1,
    "highest_num_rating_on_single_item": 383,
    "lowest_num_rating_on_single_item": 1,
    "mean_num_ratings_by_user": 13.157681850643792,
    "mean_num_ratings_on_item": 1.8799371840311867
}