{
    "num_users": 624792,
    "num_items": 4204994,
    "num_interactions": 7998969,
    "density": 0.0003044620541426948,
    "feedback_type": "explicit",
    "user_item_ratio": 0.14858332734838622,
    "item_user_ratio": 6.730230220617422,
    "highest_num_rating_by_single_user": 8815,
    "lowest_num_rating_by_single_user": 1,
    "highest_num_rating_on_single_item": 1092,
    "lowest_num_rating_on_single_item": 1,
    "mean_num_ratings_by_user": 12.802611108977068,
    "mean_num_ratings_on_item": 1.9022545573192258
}